{
    "inPos_mean": [
        -0.08526268601417542,
        -0.04830258712172508,
        -0.15133310854434967
    ],
    "inPos_stdinv": [
        0.10532738268375397,
        0.10481903702020645,
        0.12233319133520126
    ],
    "inDir_mean": [
        -0.00038637369289062917,
        -0.0035006911493837833,
        -0.00036699589691124856
    ],
    "inDir_stdinv": [
        1.5372768640518188,
        1.5418059825897217,
        1.4814389944076538
    ],
    "outPos_mean": [
        -0.07935186475515366,
        -0.06361036747694016,
        -0.1582145392894745
    ],
    "outPos_stdinv": [
        0.10522983223199844,
        0.10477910190820694,
        0.1217920109629631
    ],
    "outDir_mean": [
        -0.0005431972094811499,
        0.001977835549041629,
        0.0021129646338522434
    ],
    "outDir_stdinv": [
        1.528036117553711,
        1.5324422121047974,
        1.498273253440857
    ],
    "inNormal_mean": [
        0.0011969332117587328,
        0.003745020367205143,
        0.0010278236586600542
    ],
    "inNormal_stdinv": [
        1.5552306175231934,
        1.5632102489471436,
        1.4488887786865234
    ],
    "outNormal_mean": [
        -0.00039577664574608207,
        0.0034103025682270527,
        0.004542407114058733
    ],
    "outNormal_stdinv": [
        1.551751732826233,
        1.568699598312378,
        1.4474961757659912
    ],
    "throughput_mean": [
        1.0000001192092896,
        1.0000001192092896,
        1.0000001192092896
    ],
    "throughput_stdinv": [
        3.162277936935425,
        3.162277936935425,
        3.162277936935425
    ],
    "absorptionProb_mean": [
        0.2797165513038635
    ],
    "absorptionProb_stdinv": [
        2.2163100242614746
    ],
    "albedo_mean": [
        0.9187455773353577,
        0.9187455773353577,
        0.9187455773353577
    ],
    "albedo_stdinv": [
        2.78012752532959,
        2.78012752532959,
        2.78012752532959
    ],
    "sigmaT_mean": [
        1.9408284425735474,
        1.9408284425735474,
        1.9408284425735474
    ],
    "sigmaT_stdinv": [
        0.44308382272720337,
        0.44308382272720337,
        0.44308382272720337
    ],
    "g_mean": [
        0.47573184967041016
    ],
    "g_stdinv": [
        2.3917932510375977
    ],
    "ior_mean": [
        1.2498257160186768
    ],
    "ior_stdinv": [
        2.8763175010681152
    ],
    "bounces_mean": [
        18.933143625
    ],
    "bounces_stdinv": [
        0.01290857449665378
    ],
    "mlsPoly3_mean": [
        0.0,
        0.00019545716349966824,
        -0.0027021148707717657,
        3.475871926639229e-05,
        0.24954618513584137,
        -0.027094382792711258,
        -0.028722647577524185,
        0.27047351002693176,
        0.0198292825371027,
        0.3481244444847107,
        -0.005046203266829252,
        -0.02093208022415638,
        0.02715360000729561,
        0.028717422857880592,
        -0.0066645508632063866,
        -0.00980580784380436,
        -0.02446655184030533,
        -0.01603385992348194,
        0.021430103108286858,
        0.0
    ],
    "mlsPoly3_stdinv": [
        0.9534626603126526,
        1.785715937614441,
        1.79591965675354,
        1.6578738689422607,
        2.054594039916992,
        2.4218039512634277,
        2.1811025142669678,
        1.4620044231414795,
        2.380474328994751,
        1.3837770223617554,
        2.8897488117218018,
        2.717118501663208,
        2.4717307090759277,
        2.3236427307128906,
        2.440833330154419,
        2.2288405895233154,
        2.5552186965942383,
        2.265899419784546,
        2.613215923309326,
        0.9534626603126526
    ],
    "shCoeffs_mean": [],
    "shCoeffs_stdinv": [],
    "meshIdx_mean": [
        7.5
    ],
    "meshIdx_stdinv": [
        0.2168300027371583
    ],
    "effAlbedo_mean": [
        0.5773535966873169
    ],
    "effAlbedo_stdinv": [
        2.337986707687378
    ],
    "albedop_mean": [
        0.8762584328651428
    ],
    "albedop_stdinv": [
        2.6195178031921387
    ],
    "mlsPolyLS3_mean": [
        0.0,
        0.0022887743543833494,
        0.00036496855318546295,
        0.6417478322982788,
        0.21886013448238373,
        0.0016328425845131278,
        0.002591746626421809,
        0.22257332503795624,
        0.0033830455504357815,
        0.4267258048057556,
        -0.003937636502087116,
        0.0006214003078639507,
        0.003010016167536378,
        0.011222380213439465,
        0.0016574329929426312,
        0.0013776251580566168,
        0.0009701184462755919,
        0.00012622488429769874,
        0.0007741879671812057,
        0.012426633387804031
    ],
    "mlsPolyLS3_stdinv": [
        0.9534626603126526,
        2.1784720420837402,
        2.1708645820617676,
        2.552903413772583,
        2.1415092945098877,
        2.066758871078491,
        1.5726507902145386,
        1.9848991632461548,
        1.4188547134399414,
        1.4970191717147827,
        2.9685540199279785,
        2.6452090740203857,
        2.4566547870635986,
        2.5672216415405273,
        2.0576701164245605,
        2.368089437484741,
        2.8827948570251465,
        2.3168861865997314,
        2.2389132976531982,
        2.7686026096343994
    ],
    "mlsPolyTS3_mean": [
        0.0,
        -3.1514173215452246e-11,
        2.9846806449962404e-13,
        0.7924293875694275,
        0.15604983270168304,
        0.0021343280095607042,
        0.0003488376969471574,
        0.15549933910369873,
        0.0043505593203008175,
        0.5566049218177795,
        -0.003852271009236574,
        0.001966178882867098,
        -0.017425313591957092,
        0.01082379836589098,
        0.0012019509449601173,
        -0.001890427665784955,
        0.0003442508168518543,
        -0.0204046368598938,
        0.0013011125847697258,
        0.028912078589200974
    ],
    "mlsPolyTS3_stdinv": [
        0.9534626603126526,
        3.162277936935425,
        3.162277936935425,
        2.4967916011810303,
        2.296529769897461,
        2.380589485168457,
        1.9900057315826416,
        2.2731051445007324,
        1.7962696552276611,
        1.2362391948699951,
        3.002605438232422,
        2.801114082336426,
        2.4574670791625977,
        2.7012128829956055,
        2.135389566421509,
        2.3391759395599365,
        2.959134817123413,
        2.3350651264190674,
        2.159109592437744,
        2.622380256652832
    ],
    "mlsPolyAS3_mean": [
        0.0,
        -4.655482666038324e-09,
        0.42185696959495544,
        0.6417477130889893,
        0.1556159406900406,
        0.00023181084543466568,
        -0.0009712439496070147,
        0.28581932187080383,
        0.3240937292575836,
        0.4267258048057556,
        -2.4712562662898563e-06,
        -0.010326361283659935,
        -0.014982432126998901,
        -8.72266391525045e-05,
        -0.00021336179634090513,
        -0.0001247303152922541,
        -3.051846579182893e-05,
        0.018118606880307198,
        0.035653308033943176,
        0.01242663525044918
    ],
    "mlsPolyAS3_stdinv": [
        0.9534626603126526,
        3.162277936935425,
        2.62556791305542,
        2.552903413772583,
        2.3275787830352783,
        2.08890962600708,
        1.972259521484375,
        1.885043740272522,
        1.361260175704956,
        1.4970191717147827,
        2.9945476055145264,
        2.6110451221466064,
        2.501666307449341,
        2.547544002532959,
        2.023803234100342,
        2.3938210010528564,
        2.883099317550659,
        2.3088159561157227,
        2.225614547729492,
        2.7686023712158203
    ],